prompt_kind,mode,n,ok,errors,error_rate,wall_s_p50,wall_s_p95,wall_s_p99,ttft_s_p50,ttft_s_p95,ttft_s_p99,tpot_mean,tpot_p50,throughput_rps
long,stream,81,81,0,0.0,4.750665565999952,4.939407960000153,4.968437349400119,0.081703894000384,0.1282721669999773,0.14221146480003874,54.8490606080462,54.95416096228264,2.673166577703694
short,stream,119,119,0,0.0,0.6513733980000325,0.699777712200239,0.7355348239600241,0.0825801999999384,0.13299084270015551,0.14279422119991972,56.36122363548795,56.18724070676711,4.296808704563708
