prompt_kind,mode,n,ok,errors,error_rate,wall_s_p50,wall_s_p95,wall_s_p99,ttft_s_p50,ttft_s_p95,ttft_s_p99,tpot_mean,tpot_p50,throughput_rps
long,stream,81,81,0,0.0,4.727894862000539,4.928469531000701,4.961662223400344,0.0775727930003995,0.1294343710005705,0.14341675880041296,55.191763966239726,55.17334247698723,2.691452295842903
short,stream,119,119,0,0.0,0.6502733329998591,0.7002202252000643,0.7251660547200117,0.0784536869996372,0.1374310459000298,0.1591870626003583,56.43007677057888,56.49478508467036,4.331647360869086
