{
  "acc,none": 0.495,
  "acc_norm,none": 0.63,
  "acc_norm_stderr,none": 0.034225089976793306,
  "acc_stderr,none": 0.035442288003096976,
  "alias": "hellaswag"
}