{
  "acc,none": 0.5381247719810288,
  "acc_stderr,none": 0.009265747855518208,
  "alias": "stem"
}