{
  "acc,none": 0.5392192630426852,
  "acc_stderr,none": 0.009265961204819487,
  "alias": "stem"
}